1.0.0;117f7b9c7da3e8cef02340596af206b3
2.0.0;7a1f79f8184d4b9bae1755090278f52c
2.1.0;e9b3e75fce00e52fe646156634d229b4
2.2.0;7f90353dff2d7ce69e19e07ebc0d5489
2.3.0;d1c991c53a8a9038f8c3157a553d876d
3.0.0;7bef244b45bf63efb4bf47a236975ec6
3.0.1;9a78e13d48ca44b1987412352a1183a1
3.0.2;704129fc89e1fcb85c37b3112e51b0fc
4.0.0;f99ac61b17fdd5ae8e4dda7c0b55132a
4.0.1;d0e5d20e3260f3083bcc067483b71274
4.1.0;77e1ae7661ad8a718b9b13b70304aeea
5.0.0;faa857ad6e82f472863e97f810de036a
5.0.1;7f5529b7a092b77bf093bdf2f9a3bf96
5.0.2;c5758b0cb8c6512e8967e38842d35016
5.1.0;fce3b0ea366f9c95fe6498b69274b0e7
6.0.0;258c1786b0f6844250f34d9c6f66095b
6.0.1;663e74e45ffc86fbbaeb98045feea315
6.1.0;1d21680af5a034d626693674faf81b02
6.2.0;6dfaaf1a3cebda6307aa770d9303d9b6
7.0.0;c613bd9660478de69bc8d0e2e7ea9949
7.0.1;e6b22c40bb4fa66a151f1dc8db5a7b5c
8.0.0;4fe7b4abcea4a0bcc50975c1a926efcb
8.0.1;6c5426d27c40288302ad616307867eba
8.1.0;7eedb7006ad855ec567114be601b2a9d
9.0.0;a6af05b33f8f903aab90c8b0fcbcc6a4
9.0.1;fd1ffb82dc1da76346343de22edbc97c
9.1.0;c5fbb49f2e3648c8cfca758020c53ecb
9.2.0;09ef4d92bb47b33861e695ba524a2c17
10.0.0;5625cdc21d5f1ca52f6c36ba261505b9
10.0.1;36ab1acf0c10a2beb9f7d472685f9a89
10.0.2;e951bc9dedcd54f65ffd83d4d050f9e0
10.0.3;5b1df84f88c3334335bbb45d8522cbb4
10.0.4;34728c771299443420820d8ae490ea41
10.1.0;fd1faed0ca750700d254c0915b93d506
10.1.1;5077973537f6735b564dd7475b779f87
10.2.0;26325de4db3909e0ef2379787c7e671d
11.0.0;594c90bcdbcccad6b062eadba0cd0e7e
11.0.1;56211c7a5ed20a5332f5cdda67121e37
12.0.0;bd4185843550fbba125b20787005d1d2
12.0.1;e65114b456f9d0b566a80e53bade2d89
12.0.2;63d928b5a3016fe8cc0e76d2f06f4e98
12.0.3;a1863a5c0e1cedd442f5e60b0422dc15
12.1.0;9d9d83d68d9517f245f3e8cd7f93c416
13.0.0;bf2337ee88bd9f963a33b3ecbbc3732a
13.1.0;e9a8046639a10d656ea0e92254d7b8f6
